{"nm":"Sparkles","ddd":0,"h":1080,"w":1080,"meta":{"g":"LottieFiles AE "},"layers":[{"ty":4,"nm":"Layer 6/Home Icon Outlines","sr":1,"st":0,"op":300.00001221925,"ip":0,"hd":false,"ddd":0,"bm":0,"hasMask":false,"ao":0,"ks":{"a":{"a":0,"k":[948.955,148.955,0],"ix":1},"s":{"a":0,"k":[333,333,100],"ix":6},"sk":{"a":0,"k":0},"p":{"a":0,"k":[537,570,0],"ix":2},"r":{"a":0,"k":0,"ix":10},"sa":{"a":0,"k":0},"o":{"a":0,"k":100,"ix":11}},"ef":[],"shapes":[{"ty":"gr","bm":0,"hd":false,"mn":"ADBE Vector Group","nm":"Group 1","ix":1,"cix":2,"np":2,"it":[{"ty":"sh","bm":0,"hd":false,"mn":"ADBE Vector Shape - Group","nm":"Path 1","ix":1,"d":1,"ks":{"a":0,"k":{"c":true,"i":[[-3.762,-0.979],[-9.893,-39.16],[-0.927,3.762],[-39.16,9.894],[3.761,0.927],[9.894,39.161],[0.928,-3.762],[39.161,-9.893]],"o":[[39.161,9.945],[0.979,3.762],[9.944,-39.16],[3.761,-0.979],[-39.16,-9.945],[-0.979,-3.762],[-9.945,39.161],[-3.762,0.927]],"v":[[-83.293,3.375],[-3.375,83.294],[3.375,83.294],[83.294,3.375],[83.294,-3.375],[3.375,-83.294],[-3.375,-83.294],[-83.293,-3.375]]},"ix":2}},{"ty":"fl","bm":0,"hd":false,"mn":"ADBE Vector Graphic - Fill","nm":"Fill 1","c":{"a":0,"k":[0.3451,0.1647,0.3529],"ix":4},"r":1,"o":{"a":0,"k":100,"ix":5}},{"ty":"tr","a":{"a":0,"k":[0,0],"ix":1},"s":{"a":1,"k":[{"o":{"x":0.167,"y":0.167},"i":{"x":0.833,"y":0.833},"s":[0,0],"t":0},{"o":{"x":0.167,"y":0},"i":{"x":0.833,"y":1},"s":[100,100],"t":12},{"o":{"x":0.167,"y":0},"i":{"x":0.833,"y":1},"s":[110,110],"t":14},{"s":[100,100],"t":16.0000006516934}],"ix":3},"sk":{"a":0,"k":0,"ix":4},"p":{"a":0,"k":[992.099,184.728],"ix":2},"r":{"a":0,"k":0,"ix":6},"sa":{"a":0,"k":0,"ix":5},"o":{"a":0,"k":100,"ix":7}}]},{"ty":"gr","bm":0,"hd":false,"mn":"ADBE Vector Group","nm":"Group 2","ix":2,"cix":2,"np":2,"it":[{"ty":"sh","bm":0,"hd":false,"mn":"ADBE Vector Shape - Group","nm":"Path 1","ix":1,"d":1,"ks":{"a":0,"k":{"c":true,"i":[[-2.525,-0.618],[-6.647,-26.176],[-0.67,2.525],[-26.176,6.647],[2.525,0.67],[6.596,26.176],[0.67,-2.525],[26.176,-6.647]],"o":[[26.176,6.647],[0.618,2.525],[6.647,-26.176],[2.525,-0.618],[-26.227,-6.595],[-0.618,-2.525],[-6.647,26.176],[-2.525,0.618]],"v":[[-55.701,2.241],[-2.267,55.675],[2.267,55.675],[55.701,2.241],[55.701,-2.294],[2.267,-55.676],[-2.267,-55.676],[-55.701,-2.242]]},"ix":2}},{"ty":"fl","bm":0,"hd":false,"mn":"ADBE Vector Graphic - Fill","nm":"Fill 1","c":{"a":0,"k":[0.5843,0.6235,0.3608],"ix":4},"r":1,"o":{"a":0,"k":100,"ix":5}},{"ty":"tr","a":{"a":0,"k":[0,0],"ix":1},"s":{"a":1,"k":[{"o":{"x":0.167,"y":0.167},"i":{"x":0.833,"y":0.833},"s":[0,0],"t":0},{"s":[100,100],"t":5.00000020365417}],"ix":3},"sk":{"a":0,"k":0,"ix":4},"p":{"a":0,"k":[875.209,102.183],"ix":2},"r":{"a":0,"k":0,"ix":6},"sa":{"a":0,"k":0,"ix":5},"o":{"a":0,"k":100,"ix":7}}]},{"ty":"gr","bm":0,"hd":false,"mn":"ADBE Vector Group","nm":"Group 3","ix":3,"cix":2,"np":2,"it":[{"ty":"sh","bm":0,"hd":false,"mn":"ADBE Vector Shape - Group","nm":"Path 1","ix":1,"d":1,"ks":{"a":0,"k":{"c":true,"i":[[-1.443,-0.361],[-3.762,-14.84],[-0.361,1.442],[-14.84,3.762],[1.442,0.36],[3.762,14.84],[0.36,-1.443],[14.84,-3.762]],"o":[[14.84,3.762],[0.36,1.442],[3.762,-14.84],[1.442,-0.361],[-14.84,-3.762],[-0.361,-1.443],[-3.762,14.84],[-1.443,0.36]],"v":[[-31.534,1.288],[-1.288,31.535],[1.289,31.535],[31.535,1.288],[31.535,-1.287],[1.289,-31.535],[-1.288,-31.535],[-31.534,-1.287]]},"ix":2}},{"ty":"fl","bm":0,"hd":false,"mn":"ADBE Vector Graphic - Fill","nm":"Fill 1","c":{"a":0,"k":[0.702,0.6157,0.8588],"ix":4},"r":1,"o":{"a":0,"k":100,"ix":5}},{"ty":"tr","a":{"a":0,"k":[0,0],"ix":1},"s":{"a":1,"k":[{"o":{"x":0.167,"y":0.167},"i":{"x":0.833,"y":0.833},"s":[0,0],"t":0},{"s":[100,100],"t":10.0000004073083}],"ix":3},"sk":{"a":0,"k":0,"ix":4},"p":{"a":0,"k":[955.955,39.861],"ix":2},"r":{"a":0,"k":0,"ix":6},"sa":{"a":0,"k":0,"ix":5},"o":{"a":0,"k":100,"ix":7}}]}],"ind":1}],"v":"4.8.0","fr":29.9700012207031,"op":30.0000012219251,"ip":0,"assets":[]}